Jurisdiction,Value,Race/ ethnicity,Year,Measure
State,243.7,All races/ ethnicities (aggregated),2017,Diabetes ED visits
Allegany,286.1,All races/ ethnicities (aggregated),2017,Diabetes ED visits
Anne Arundel,187.4,All races/ ethnicities (aggregated),2017,Diabetes ED visits
Baltimore City,584.6,All races/ ethnicities (aggregated),2017,Diabetes ED visits
Baltimore County,224.6,All races/ ethnicities (aggregated),2017,Diabetes ED visits
Calvert,273.6,All races/ ethnicities (aggregated),2017,Diabetes ED visits
Caroline,304.5,All races/ ethnicities (aggregated),2017,Diabetes ED visits
Carroll,134.9,All races/ ethnicities (aggregated),2017,Diabetes ED visits
Cecil,272.2,All races/ ethnicities (aggregated),2017,Diabetes ED visits
Charles,245,All races/ ethnicities (aggregated),2017,Diabetes ED visits
Dorchester,525.2,All races/ ethnicities (aggregated),2017,Diabetes ED visits
Frederick,181.6,All races/ ethnicities (aggregated),2017,Diabetes ED visits
Garrett,381.2,All races/ ethnicities (aggregated),2017,Diabetes ED visits
Harford,216.3,All races/ ethnicities (aggregated),2017,Diabetes ED visits
Howard,119.8,All races/ ethnicities (aggregated),2017,Diabetes ED visits
Kent,304.1,All races/ ethnicities (aggregated),2017,Diabetes ED visits
Montgomery,127.9,All races/ ethnicities (aggregated),2017,Diabetes ED visits
Prince George's,229.2,All races/ ethnicities (aggregated),2017,Diabetes ED visits
Queen Anne's,144.6,All races/ ethnicities (aggregated),2017,Diabetes ED visits
Saint Mary's,299.5,All races/ ethnicities (aggregated),2017,Diabetes ED visits
Somerset,381,All races/ ethnicities (aggregated),2017,Diabetes ED visits
Talbot,314.5,All races/ ethnicities (aggregated),2017,Diabetes ED visits
Washington,297.1,All races/ ethnicities (aggregated),2017,Diabetes ED visits
Wicomico,530.9,All races/ ethnicities (aggregated),2017,Diabetes ED visits
Worcester,310.5,All races/ ethnicities (aggregated),2017,Diabetes ED visits
State,454,Black Non-Hispanic,2017,Diabetes ED visits
Allegany,,Black Non-Hispanic,2017,Diabetes ED visits
Anne Arundel,462.4,Black Non-Hispanic,2017,Diabetes ED visits
Baltimore City,774.4,Black Non-Hispanic,2017,Diabetes ED visits
Baltimore County,482.6,Black Non-Hispanic,2017,Diabetes ED visits
Calvert,631.8,Black Non-Hispanic,2017,Diabetes ED visits
Caroline,,Black Non-Hispanic,2017,Diabetes ED visits
Carroll,,Black Non-Hispanic,2017,Diabetes ED visits
Cecil,,Black Non-Hispanic,2017,Diabetes ED visits
Charles,359.2,Black Non-Hispanic,2017,Diabetes ED visits
Dorchester,1110.1,Black Non-Hispanic,2017,Diabetes ED visits
Frederick,490,Black Non-Hispanic,2017,Diabetes ED visits
Garrett,,Black Non-Hispanic,2017,Diabetes ED visits
Harford,493.8,Black Non-Hispanic,2017,Diabetes ED visits
Howard,309.8,Black Non-Hispanic,2017,Diabetes ED visits
Kent,,Black Non-Hispanic,2017,Diabetes ED visits
Montgomery,308.5,Black Non-Hispanic,2017,Diabetes ED visits
Prince George's,263.6,Black Non-Hispanic,2017,Diabetes ED visits
Queen Anne's,,Black Non-Hispanic,2017,Diabetes ED visits
Saint Mary's,749.6,Black Non-Hispanic,2017,Diabetes ED visits
Somerset,672.9,Black Non-Hispanic,2017,Diabetes ED visits
Talbot,,Black Non-Hispanic,2017,Diabetes ED visits
Washington,520.6,Black Non-Hispanic,2017,Diabetes ED visits
Wicomico,1103.6,Black Non-Hispanic,2017,Diabetes ED visits
Worcester,767,Black Non-Hispanic,2017,Diabetes ED visits
State,178.2,Hispanic,2017,Diabetes ED visits
Allegany,,Hispanic,2017,Diabetes ED visits
Anne Arundel,242.9,Hispanic,2017,Diabetes ED visits
Baltimore City,288.8,Hispanic,2017,Diabetes ED visits
Baltimore County,155.5,Hispanic,2017,Diabetes ED visits
Calvert,,Hispanic,2017,Diabetes ED visits
Caroline,,Hispanic,2017,Diabetes ED visits
Carroll,,Hispanic,2017,Diabetes ED visits
Cecil,,Hispanic,2017,Diabetes ED visits
Charles,,Hispanic,2017,Diabetes ED visits
Dorchester,,Hispanic,2017,Diabetes ED visits
Frederick,,Hispanic,2017,Diabetes ED visits
Garrett,,Hispanic,2017,Diabetes ED visits
Harford,,Hispanic,2017,Diabetes ED visits
Howard,,Hispanic,2017,Diabetes ED visits
Kent,,Hispanic,2017,Diabetes ED visits
Montgomery,171.5,Hispanic,2017,Diabetes ED visits
Prince George's,147.5,Hispanic,2017,Diabetes ED visits
Queen Anne's,,Hispanic,2017,Diabetes ED visits
Saint Mary's,,Hispanic,2017,Diabetes ED visits
Somerset,,Hispanic,2017,Diabetes ED visits
Talbot,,Hispanic,2017,Diabetes ED visits
Washington,,Hispanic,2017,Diabetes ED visits
Wicomico,,Hispanic,2017,Diabetes ED visits
Worcester,,Hispanic,2017,Diabetes ED visits
State,143.9,White Non-Hispanic,2017,Diabetes ED visits
Allegany,280,White Non-Hispanic,2017,Diabetes ED visits
Anne Arundel,133.1,White Non-Hispanic,2017,Diabetes ED visits
Baltimore City,220.3,White Non-Hispanic,2017,Diabetes ED visits
Baltimore County,126.1,White Non-Hispanic,2017,Diabetes ED visits
Calvert,217.1,White Non-Hispanic,2017,Diabetes ED visits
Caroline,204.9,White Non-Hispanic,2017,Diabetes ED visits
Carroll,130.5,White Non-Hispanic,2017,Diabetes ED visits
Cecil,236.7,White Non-Hispanic,2017,Diabetes ED visits
Charles,151.2,White Non-Hispanic,2017,Diabetes ED visits
Dorchester,285.6,White Non-Hispanic,2017,Diabetes ED visits
Frederick,154.2,White Non-Hispanic,2017,Diabetes ED visits
Garrett,388.2,White Non-Hispanic,2017,Diabetes ED visits
Harford,169.2,White Non-Hispanic,2017,Diabetes ED visits
Howard,73.5,White Non-Hispanic,2017,Diabetes ED visits
Kent,,White Non-Hispanic,2017,Diabetes ED visits
Montgomery,65.7,White Non-Hispanic,2017,Diabetes ED visits
Prince George's,90.8,White Non-Hispanic,2017,Diabetes ED visits
Queen Anne's,109,White Non-Hispanic,2017,Diabetes ED visits
Saint Mary's,217,White Non-Hispanic,2017,Diabetes ED visits
Somerset,,White Non-Hispanic,2017,Diabetes ED visits
Talbot,237,White Non-Hispanic,2017,Diabetes ED visits
Washington,268,White Non-Hispanic,2017,Diabetes ED visits
Wicomico,318.5,White Non-Hispanic,2017,Diabetes ED visits
Worcester,245.9,White Non-Hispanic,2017,Diabetes ED visits
State,39.7,Asian/ Pacific Islander Non-Hispanic,2017,Diabetes ED visits
Allegany,,Asian/ Pacific Islander Non-Hispanic,2017,Diabetes ED visits
Anne Arundel,,Asian/ Pacific Islander Non-Hispanic,2017,Diabetes ED visits
Baltimore City,,Asian/ Pacific Islander Non-Hispanic,2017,Diabetes ED visits
Baltimore County,,Asian/ Pacific Islander Non-Hispanic,2017,Diabetes ED visits
Calvert,,Asian/ Pacific Islander Non-Hispanic,2017,Diabetes ED visits
Caroline,,Asian/ Pacific Islander Non-Hispanic,2017,Diabetes ED visits
Carroll,,Asian/ Pacific Islander Non-Hispanic,2017,Diabetes ED visits
Cecil,,Asian/ Pacific Islander Non-Hispanic,2017,Diabetes ED visits
Charles,,Asian/ Pacific Islander Non-Hispanic,2017,Diabetes ED visits
Dorchester,,Asian/ Pacific Islander Non-Hispanic,2017,Diabetes ED visits
Frederick,,Asian/ Pacific Islander Non-Hispanic,2017,Diabetes ED visits
Garrett,,Asian/ Pacific Islander Non-Hispanic,2017,Diabetes ED visits
Harford,,Asian/ Pacific Islander Non-Hispanic,2017,Diabetes ED visits
Howard,,Asian/ Pacific Islander Non-Hispanic,2017,Diabetes ED visits
Kent,,Asian/ Pacific Islander Non-Hispanic,2017,Diabetes ED visits
Montgomery,43.4,Asian/ Pacific Islander Non-Hispanic,2017,Diabetes ED visits
Prince George's,,Asian/ Pacific Islander Non-Hispanic,2017,Diabetes ED visits
Queen Anne's,,Asian/ Pacific Islander Non-Hispanic,2017,Diabetes ED visits
Saint Mary's,,Asian/ Pacific Islander Non-Hispanic,2017,Diabetes ED visits
Somerset,,Asian/ Pacific Islander Non-Hispanic,2017,Diabetes ED visits
Talbot,,Asian/ Pacific Islander Non-Hispanic,2017,Diabetes ED visits
Washington,,Asian/ Pacific Islander Non-Hispanic,2017,Diabetes ED visits
Wicomico,,Asian/ Pacific Islander Non-Hispanic,2017,Diabetes ED visits
Worcester,,Asian/ Pacific Islander Non-Hispanic,2017,Diabetes ED visits
State,222.9,All races/ ethnicities (aggregated),2016,Diabetes ED visits
Allegany,207.1,All races/ ethnicities (aggregated),2016,Diabetes ED visits
Anne Arundel,182.1,All races/ ethnicities (aggregated),2016,Diabetes ED visits
Baltimore City,529.6,All races/ ethnicities (aggregated),2016,Diabetes ED visits
Baltimore County,199.1,All races/ ethnicities (aggregated),2016,Diabetes ED visits
Calvert,235.6,All races/ ethnicities (aggregated),2016,Diabetes ED visits
Caroline,274.5,All races/ ethnicities (aggregated),2016,Diabetes ED visits
Carroll,129.4,All races/ ethnicities (aggregated),2016,Diabetes ED visits
Cecil,284.9,All races/ ethnicities (aggregated),2016,Diabetes ED visits
Charles,221.5,All races/ ethnicities (aggregated),2016,Diabetes ED visits
Dorchester,568.3,All races/ ethnicities (aggregated),2016,Diabetes ED visits
Frederick,172.3,All races/ ethnicities (aggregated),2016,Diabetes ED visits
Garrett,231.9,All races/ ethnicities (aggregated),2016,Diabetes ED visits
Harford,204.1,All races/ ethnicities (aggregated),2016,Diabetes ED visits
Howard,125.1,All races/ ethnicities (aggregated),2016,Diabetes ED visits
Kent,247.2,All races/ ethnicities (aggregated),2016,Diabetes ED visits
Montgomery,119.6,All races/ ethnicities (aggregated),2016,Diabetes ED visits
Prince George's,210.4,All races/ ethnicities (aggregated),2016,Diabetes ED visits
Queen Anne's,143.8,All races/ ethnicities (aggregated),2016,Diabetes ED visits
Saint Mary's,249.7,All races/ ethnicities (aggregated),2016,Diabetes ED visits
Somerset,376,All races/ ethnicities (aggregated),2016,Diabetes ED visits
Talbot,228.6,All races/ ethnicities (aggregated),2016,Diabetes ED visits
Washington,281.9,All races/ ethnicities (aggregated),2016,Diabetes ED visits
Wicomico,424.6,All races/ ethnicities (aggregated),2016,Diabetes ED visits
Worcester,326.4,All races/ ethnicities (aggregated),2016,Diabetes ED visits
State,411.9,Black Non-Hispanic,2016,Diabetes ED visits
Allegany,,Black Non-Hispanic,2016,Diabetes ED visits
Anne Arundel,422.5,Black Non-Hispanic,2016,Diabetes ED visits
Baltimore City,691.5,Black Non-Hispanic,2016,Diabetes ED visits
Baltimore County,403.2,Black Non-Hispanic,2016,Diabetes ED visits
Calvert,648.2,Black Non-Hispanic,2016,Diabetes ED visits
Caroline,,Black Non-Hispanic,2016,Diabetes ED visits
Carroll,,Black Non-Hispanic,2016,Diabetes ED visits
Cecil,,Black Non-Hispanic,2016,Diabetes ED visits
Charles,335.9,Black Non-Hispanic,2016,Diabetes ED visits
Dorchester,1253.1,Black Non-Hispanic,2016,Diabetes ED visits
Frederick,433.7,Black Non-Hispanic,2016,Diabetes ED visits
Garrett,,Black Non-Hispanic,2016,Diabetes ED visits
Harford,410.2,Black Non-Hispanic,2016,Diabetes ED visits
Howard,339.1,Black Non-Hispanic,2016,Diabetes ED visits
Kent,,Black Non-Hispanic,2016,Diabetes ED visits
Montgomery,307.8,Black Non-Hispanic,2016,Diabetes ED visits
Prince George's,243.5,Black Non-Hispanic,2016,Diabetes ED visits
Queen Anne's,,Black Non-Hispanic,2016,Diabetes ED visits
Saint Mary's,681.3,Black Non-Hispanic,2016,Diabetes ED visits
Somerset,,Black Non-Hispanic,2016,Diabetes ED visits
Talbot,,Black Non-Hispanic,2016,Diabetes ED visits
Washington,759.3,Black Non-Hispanic,2016,Diabetes ED visits
Wicomico,807.4,Black Non-Hispanic,2016,Diabetes ED visits
Worcester,865.8,Black Non-Hispanic,2016,Diabetes ED visits
State,161.2,Hispanic,2016,Diabetes ED visits
Allegany,,Hispanic,2016,Diabetes ED visits
Anne Arundel,264.6,Hispanic,2016,Diabetes ED visits
Baltimore City,,Hispanic,2016,Diabetes ED visits
Baltimore County,,Hispanic,2016,Diabetes ED visits
Calvert,,Hispanic,2016,Diabetes ED visits
Caroline,,Hispanic,2016,Diabetes ED visits
Carroll,,Hispanic,2016,Diabetes ED visits
Cecil,,Hispanic,2016,Diabetes ED visits
Charles,,Hispanic,2016,Diabetes ED visits
Dorchester,,Hispanic,2016,Diabetes ED visits
Frederick,,Hispanic,2016,Diabetes ED visits
Garrett,,Hispanic,2016,Diabetes ED visits
Harford,,Hispanic,2016,Diabetes ED visits
Howard,,Hispanic,2016,Diabetes ED visits
Kent,,Hispanic,2016,Diabetes ED visits
Montgomery,135.8,Hispanic,2016,Diabetes ED visits
Prince George's,154.1,Hispanic,2016,Diabetes ED visits
Queen Anne's,,Hispanic,2016,Diabetes ED visits
Saint Mary's,,Hispanic,2016,Diabetes ED visits
Somerset,,Hispanic,2016,Diabetes ED visits
Talbot,,Hispanic,2016,Diabetes ED visits
Washington,,Hispanic,2016,Diabetes ED visits
Wicomico,,Hispanic,2016,Diabetes ED visits
Worcester,,Hispanic,2016,Diabetes ED visits
State,135.2,White Non-Hispanic,2016,Diabetes ED visits
Allegany,210.7,White Non-Hispanic,2016,Diabetes ED visits
Anne Arundel,134,White Non-Hispanic,2016,Diabetes ED visits
Baltimore City,213.4,White Non-Hispanic,2016,Diabetes ED visits
Baltimore County,119.5,White Non-Hispanic,2016,Diabetes ED visits
Calvert,174.5,White Non-Hispanic,2016,Diabetes ED visits
Caroline,191.6,White Non-Hispanic,2016,Diabetes ED visits
Carroll,122.4,White Non-Hispanic,2016,Diabetes ED visits
Cecil,266.7,White Non-Hispanic,2016,Diabetes ED visits
Charles,152.7,White Non-Hispanic,2016,Diabetes ED visits
Dorchester,288.3,White Non-Hispanic,2016,Diabetes ED visits
Frederick,141.8,White Non-Hispanic,2016,Diabetes ED visits
Garrett,236.2,White Non-Hispanic,2016,Diabetes ED visits
Harford,170.5,White Non-Hispanic,2016,Diabetes ED visits
Howard,74.7,White Non-Hispanic,2016,Diabetes ED visits
Kent,,White Non-Hispanic,2016,Diabetes ED visits
Montgomery,62.7,White Non-Hispanic,2016,Diabetes ED visits
Prince George's,88.4,White Non-Hispanic,2016,Diabetes ED visits
Queen Anne's,103.9,White Non-Hispanic,2016,Diabetes ED visits
Saint Mary's,171.9,White Non-Hispanic,2016,Diabetes ED visits
Somerset,335.7,White Non-Hispanic,2016,Diabetes ED visits
Talbot,181.7,White Non-Hispanic,2016,Diabetes ED visits
Washington,226.8,White Non-Hispanic,2016,Diabetes ED visits
Wicomico,297.6,White Non-Hispanic,2016,Diabetes ED visits
Worcester,258.7,White Non-Hispanic,2016,Diabetes ED visits
State,53.1,Asian/ Pacific Islander Non-Hispanic,2016,Diabetes ED visits
Allegany,,Asian/ Pacific Islander Non-Hispanic,2016,Diabetes ED visits
Anne Arundel,,Asian/ Pacific Islander Non-Hispanic,2016,Diabetes ED visits
Baltimore City,,Asian/ Pacific Islander Non-Hispanic,2016,Diabetes ED visits
Baltimore County,,Asian/ Pacific Islander Non-Hispanic,2016,Diabetes ED visits
Calvert,,Asian/ Pacific Islander Non-Hispanic,2016,Diabetes ED visits
Caroline,,Asian/ Pacific Islander Non-Hispanic,2016,Diabetes ED visits
Carroll,,Asian/ Pacific Islander Non-Hispanic,2016,Diabetes ED visits
Cecil,,Asian/ Pacific Islander Non-Hispanic,2016,Diabetes ED visits
Charles,,Asian/ Pacific Islander Non-Hispanic,2016,Diabetes ED visits
Dorchester,,Asian/ Pacific Islander Non-Hispanic,2016,Diabetes ED visits
Frederick,,Asian/ Pacific Islander Non-Hispanic,2016,Diabetes ED visits
Garrett,,Asian/ Pacific Islander Non-Hispanic,2016,Diabetes ED visits
Harford,,Asian/ Pacific Islander Non-Hispanic,2016,Diabetes ED visits
Howard,,Asian/ Pacific Islander Non-Hispanic,2016,Diabetes ED visits
Kent,,Asian/ Pacific Islander Non-Hispanic,2016,Diabetes ED visits
Montgomery,41.9,Asian/ Pacific Islander Non-Hispanic,2016,Diabetes ED visits
Prince George's,,Asian/ Pacific Islander Non-Hispanic,2016,Diabetes ED visits
Queen Anne's,,Asian/ Pacific Islander Non-Hispanic,2016,Diabetes ED visits
Saint Mary's,,Asian/ Pacific Islander Non-Hispanic,2016,Diabetes ED visits
Somerset,,Asian/ Pacific Islander Non-Hispanic,2016,Diabetes ED visits
Talbot,,Asian/ Pacific Islander Non-Hispanic,2016,Diabetes ED visits
Washington,,Asian/ Pacific Islander Non-Hispanic,2016,Diabetes ED visits
Wicomico,,Asian/ Pacific Islander Non-Hispanic,2016,Diabetes ED visits
Worcester,,Asian/ Pacific Islander Non-Hispanic,2016,Diabetes ED visits
State,207.4,All races/ ethnicities (aggregated),2015,Diabetes ED visits
Allegany,230.8,All races/ ethnicities (aggregated),2015,Diabetes ED visits
Anne Arundel,161.4,All races/ ethnicities (aggregated),2015,Diabetes ED visits
Baltimore City,519.9,All races/ ethnicities (aggregated),2015,Diabetes ED visits
Baltimore County,191.2,All races/ ethnicities (aggregated),2015,Diabetes ED visits
Calvert,233.2,All races/ ethnicities (aggregated),2015,Diabetes ED visits
Caroline,235.9,All races/ ethnicities (aggregated),2015,Diabetes ED visits
Carroll,120.7,All races/ ethnicities (aggregated),2015,Diabetes ED visits
Cecil,266.7,All races/ ethnicities (aggregated),2015,Diabetes ED visits
Charles,244.6,All races/ ethnicities (aggregated),2015,Diabetes ED visits
Dorchester,539.4,All races/ ethnicities (aggregated),2015,Diabetes ED visits
Frederick,152.4,All races/ ethnicities (aggregated),2015,Diabetes ED visits
Garrett,257,All races/ ethnicities (aggregated),2015,Diabetes ED visits
Harford,194.5,All races/ ethnicities (aggregated),2015,Diabetes ED visits
Howard,99,All races/ ethnicities (aggregated),2015,Diabetes ED visits
Kent,,All races/ ethnicities (aggregated),2015,Diabetes ED visits
Montgomery,104.7,All races/ ethnicities (aggregated),2015,Diabetes ED visits
Prince George's,188.8,All races/ ethnicities (aggregated),2015,Diabetes ED visits
Queen Anne's,145.9,All races/ ethnicities (aggregated),2015,Diabetes ED visits
Saint Mary's,253.7,All races/ ethnicities (aggregated),2015,Diabetes ED visits
Somerset,293.1,All races/ ethnicities (aggregated),2015,Diabetes ED visits
Talbot,200.9,All races/ ethnicities (aggregated),2015,Diabetes ED visits
Washington,203.6,All races/ ethnicities (aggregated),2015,Diabetes ED visits
Wicomico,340.8,All races/ ethnicities (aggregated),2015,Diabetes ED visits
Worcester,345.8,All races/ ethnicities (aggregated),2015,Diabetes ED visits
State,379.4,Black,2015,Diabetes ED visits
Allegany,,Black,2015,Diabetes ED visits
Anne Arundel,372.4,Black,2015,Diabetes ED visits
Baltimore City,661.8,Black,2015,Diabetes ED visits
Baltimore County,362.1,Black,2015,Diabetes ED visits
Calvert,684.5,Black,2015,Diabetes ED visits
Caroline,,Black,2015,Diabetes ED visits
Carroll,,Black,2015,Diabetes ED visits
Cecil,688.2,Black,2015,Diabetes ED visits
Charles,336.2,Black,2015,Diabetes ED visits
Dorchester,970.6,Black,2015,Diabetes ED visits
Frederick,361.3,Black,2015,Diabetes ED visits
Garrett,,Black,2015,Diabetes ED visits
Harford,509.4,Black,2015,Diabetes ED visits
Howard,288.5,Black,2015,Diabetes ED visits
Kent,,Black,2015,Diabetes ED visits
Montgomery,249.5,Black,2015,Diabetes ED visits
Prince George's,214,Black,2015,Diabetes ED visits
Queen Anne's,,Black,2015,Diabetes ED visits
Saint Mary's,733.7,Black,2015,Diabetes ED visits
Somerset,,Black,2015,Diabetes ED visits
Talbot,,Black,2015,Diabetes ED visits
Washington,499.7,Black,2015,Diabetes ED visits
Wicomico,746.9,Black,2015,Diabetes ED visits
Worcester,1048.7,Black,2015,Diabetes ED visits
State,,Hispanic,2015,Diabetes ED visits
Allegany,,Hispanic,2015,Diabetes ED visits
Anne Arundel,,Hispanic,2015,Diabetes ED visits
Baltimore City,,Hispanic,2015,Diabetes ED visits
Baltimore County,,Hispanic,2015,Diabetes ED visits
Calvert,,Hispanic,2015,Diabetes ED visits
Caroline,,Hispanic,2015,Diabetes ED visits
Carroll,,Hispanic,2015,Diabetes ED visits
Cecil,,Hispanic,2015,Diabetes ED visits
Charles,,Hispanic,2015,Diabetes ED visits
Dorchester,,Hispanic,2015,Diabetes ED visits
Frederick,,Hispanic,2015,Diabetes ED visits
Garrett,,Hispanic,2015,Diabetes ED visits
Harford,,Hispanic,2015,Diabetes ED visits
Howard,,Hispanic,2015,Diabetes ED visits
Kent,,Hispanic,2015,Diabetes ED visits
Montgomery,,Hispanic,2015,Diabetes ED visits
Prince George's,,Hispanic,2015,Diabetes ED visits
Queen Anne's,,Hispanic,2015,Diabetes ED visits
Saint Mary's,,Hispanic,2015,Diabetes ED visits
Somerset,,Hispanic,2015,Diabetes ED visits
Talbot,,Hispanic,2015,Diabetes ED visits
Washington,,Hispanic,2015,Diabetes ED visits
Wicomico,,Hispanic,2015,Diabetes ED visits
Worcester,,Hispanic,2015,Diabetes ED visits
State,120.4,White,2015,Diabetes ED visits
Allegany,225.1,White,2015,Diabetes ED visits
Anne Arundel,115.2,White,2015,Diabetes ED visits
Baltimore City,193.4,White,2015,Diabetes ED visits
Baltimore County,104,White,2015,Diabetes ED visits
Calvert,165.1,White,2015,Diabetes ED visits
Caroline,171.2,White,2015,Diabetes ED visits
Carroll,118.6,White,2015,Diabetes ED visits
Cecil,227.9,White,2015,Diabetes ED visits
Charles,155.1,White,2015,Diabetes ED visits
Dorchester,394,White,2015,Diabetes ED visits
Frederick,120.2,White,2015,Diabetes ED visits
Garrett,261.3,White,2015,Diabetes ED visits
Harford,143.6,White,2015,Diabetes ED visits
Howard,56.9,White,2015,Diabetes ED visits
Kent,,White,2015,Diabetes ED visits
Montgomery,60,White,2015,Diabetes ED visits
Prince George's,84.2,White,2015,Diabetes ED visits
Queen Anne's,,White,2015,Diabetes ED visits
Saint Mary's,172.3,White,2015,Diabetes ED visits
Somerset,,White,2015,Diabetes ED visits
Talbot,151.4,White,2015,Diabetes ED visits
Washington,172.7,White,2015,Diabetes ED visits
Wicomico,196.8,White,2015,Diabetes ED visits
Worcester,254.9,White,2015,Diabetes ED visits
State,37.7,Asian/ Pacific Islander Non-Hispanic,2015,Diabetes ED visits
Allegany,,Asian/ Pacific Islander Non-Hispanic,2015,Diabetes ED visits
Anne Arundel,,Asian/ Pacific Islander Non-Hispanic,2015,Diabetes ED visits
Baltimore City,,Asian/ Pacific Islander Non-Hispanic,2015,Diabetes ED visits
Baltimore County,,Asian/ Pacific Islander Non-Hispanic,2015,Diabetes ED visits
Calvert,,Asian/ Pacific Islander Non-Hispanic,2015,Diabetes ED visits
Caroline,,Asian/ Pacific Islander Non-Hispanic,2015,Diabetes ED visits
Carroll,,Asian/ Pacific Islander Non-Hispanic,2015,Diabetes ED visits
Cecil,,Asian/ Pacific Islander Non-Hispanic,2015,Diabetes ED visits
Charles,,Asian/ Pacific Islander Non-Hispanic,2015,Diabetes ED visits
Dorchester,,Asian/ Pacific Islander Non-Hispanic,2015,Diabetes ED visits
Frederick,,Asian/ Pacific Islander Non-Hispanic,2015,Diabetes ED visits
Garrett,,Asian/ Pacific Islander Non-Hispanic,2015,Diabetes ED visits
Harford,,Asian/ Pacific Islander Non-Hispanic,2015,Diabetes ED visits
Howard,,Asian/ Pacific Islander Non-Hispanic,2015,Diabetes ED visits
Kent,,Asian/ Pacific Islander Non-Hispanic,2015,Diabetes ED visits
Montgomery,31.9,Asian/ Pacific Islander Non-Hispanic,2015,Diabetes ED visits
Prince George's,,Asian/ Pacific Islander Non-Hispanic,2015,Diabetes ED visits
Queen Anne's,,Asian/ Pacific Islander Non-Hispanic,2015,Diabetes ED visits
Saint Mary's,,Asian/ Pacific Islander Non-Hispanic,2015,Diabetes ED visits
Somerset,,Asian/ Pacific Islander Non-Hispanic,2015,Diabetes ED visits
Talbot,,Asian/ Pacific Islander Non-Hispanic,2015,Diabetes ED visits
Washington,,Asian/ Pacific Islander Non-Hispanic,2015,Diabetes ED visits
Wicomico,,Asian/ Pacific Islander Non-Hispanic,2015,Diabetes ED visits
Worcester,,Asian/ Pacific Islander Non-Hispanic,2015,Diabetes ED visits
State,204,All races/ ethnicities (aggregated),2014,Diabetes ED visits
Allegany,241.4,All races/ ethnicities (aggregated),2014,Diabetes ED visits
Anne Arundel,187.3,All races/ ethnicities (aggregated),2014,Diabetes ED visits
Baltimore City,548.9,All races/ ethnicities (aggregated),2014,Diabetes ED visits
Baltimore County,177.8,All races/ ethnicities (aggregated),2014,Diabetes ED visits
Calvert,169.2,All races/ ethnicities (aggregated),2014,Diabetes ED visits
Caroline,244.2,All races/ ethnicities (aggregated),2014,Diabetes ED visits
Carroll,117.4,All races/ ethnicities (aggregated),2014,Diabetes ED visits
Cecil,250.2,All races/ ethnicities (aggregated),2014,Diabetes ED visits
Charles,244.2,All races/ ethnicities (aggregated),2014,Diabetes ED visits
Dorchester,455.4,All races/ ethnicities (aggregated),2014,Diabetes ED visits
Frederick,177,All races/ ethnicities (aggregated),2014,Diabetes ED visits
Garrett,352.1,All races/ ethnicities (aggregated),2014,Diabetes ED visits
Harford,165.5,All races/ ethnicities (aggregated),2014,Diabetes ED visits
Howard,102.1,All races/ ethnicities (aggregated),2014,Diabetes ED visits
Kent,209.4,All races/ ethnicities (aggregated),2014,Diabetes ED visits
Montgomery,95,All races/ ethnicities (aggregated),2014,Diabetes ED visits
Prince George's,169,All races/ ethnicities (aggregated),2014,Diabetes ED visits
Queen Anne's,154.2,All races/ ethnicities (aggregated),2014,Diabetes ED visits
Saint Mary's,219,All races/ ethnicities (aggregated),2014,Diabetes ED visits
Somerset,253.8,All races/ ethnicities (aggregated),2014,Diabetes ED visits
Talbot,276.4,All races/ ethnicities (aggregated),2014,Diabetes ED visits
Washington,187.9,All races/ ethnicities (aggregated),2014,Diabetes ED visits
Wicomico,372.7,All races/ ethnicities (aggregated),2014,Diabetes ED visits
Worcester,229.9,All races/ ethnicities (aggregated),2014,Diabetes ED visits
State,309.4,Black Non-Hispanic,2014,Diabetes ED visits
Allegany,,Black Non-Hispanic,2014,Diabetes ED visits
Anne Arundel,403.4,Black Non-Hispanic,2014,Diabetes ED visits
Baltimore City,470.8,Black Non-Hispanic,2014,Diabetes ED visits
Baltimore County,236.6,Black Non-Hispanic,2014,Diabetes ED visits
Calvert,382.5,Black Non-Hispanic,2014,Diabetes ED visits
Caroline,,Black Non-Hispanic,2014,Diabetes ED visits
Carroll,,Black Non-Hispanic,2014,Diabetes ED visits
Cecil,,Black Non-Hispanic,2014,Diabetes ED visits
Charles,201.9,Black Non-Hispanic,2014,Diabetes ED visits
Dorchester,993.6,Black Non-Hispanic,2014,Diabetes ED visits
Frederick,577.5,Black Non-Hispanic,2014,Diabetes ED visits
Garrett,,Black Non-Hispanic,2014,Diabetes ED visits
Harford,361.6,Black Non-Hispanic,2014,Diabetes ED visits
Howard,249.4,Black Non-Hispanic,2014,Diabetes ED visits
Kent,,Black Non-Hispanic,2014,Diabetes ED visits
Montgomery,230.6,Black Non-Hispanic,2014,Diabetes ED visits
Prince George's,200,Black Non-Hispanic,2014,Diabetes ED visits
Queen Anne's,,Black Non-Hispanic,2014,Diabetes ED visits
Saint Mary's,573.4,Black Non-Hispanic,2014,Diabetes ED visits
Somerset,,Black Non-Hispanic,2014,Diabetes ED visits
Talbot,1085.5,Black Non-Hispanic,2014,Diabetes ED visits
Washington,430.2,Black Non-Hispanic,2014,Diabetes ED visits
Wicomico,801.8,Black Non-Hispanic,2014,Diabetes ED visits
Worcester,676.2,Black Non-Hispanic,2014,Diabetes ED visits
State,116.1,Hispanic,2014,Diabetes ED visits
Allegany,,Hispanic,2014,Diabetes ED visits
Anne Arundel,,Hispanic,2014,Diabetes ED visits
Baltimore City,,Hispanic,2014,Diabetes ED visits
Baltimore County,,Hispanic,2014,Diabetes ED visits
Calvert,,Hispanic,2014,Diabetes ED visits
Caroline,,Hispanic,2014,Diabetes ED visits
Carroll,,Hispanic,2014,Diabetes ED visits
Cecil,,Hispanic,2014,Diabetes ED visits
Charles,,Hispanic,2014,Diabetes ED visits
Dorchester,,Hispanic,2014,Diabetes ED visits
Frederick,,Hispanic,2014,Diabetes ED visits
Garrett,,Hispanic,2014,Diabetes ED visits
Harford,,Hispanic,2014,Diabetes ED visits
Howard,,Hispanic,2014,Diabetes ED visits
Kent,,Hispanic,2014,Diabetes ED visits
Montgomery,90,Hispanic,2014,Diabetes ED visits
Prince George's,133.4,Hispanic,2014,Diabetes ED visits
Queen Anne's,,Hispanic,2014,Diabetes ED visits
Saint Mary's,,Hispanic,2014,Diabetes ED visits
Somerset,,Hispanic,2014,Diabetes ED visits
Talbot,,Hispanic,2014,Diabetes ED visits
Washington,,Hispanic,2014,Diabetes ED visits
Wicomico,,Hispanic,2014,Diabetes ED visits
Worcester,,Hispanic,2014,Diabetes ED visits
State,107.9,White Non-Hispanic,2014,Diabetes ED visits
Allegany,229.1,White Non-Hispanic,2014,Diabetes ED visits
Anne Arundel,130.2,White Non-Hispanic,2014,Diabetes ED visits
Baltimore City,110.7,White Non-Hispanic,2014,Diabetes ED visits
Baltimore County,46.7,White Non-Hispanic,2014,Diabetes ED visits
Calvert,139.2,White Non-Hispanic,2014,Diabetes ED visits
Caroline,,White Non-Hispanic,2014,Diabetes ED visits
Carroll,104.6,White Non-Hispanic,2014,Diabetes ED visits
Cecil,228.5,White Non-Hispanic,2014,Diabetes ED visits
Charles,71.5,White Non-Hispanic,2014,Diabetes ED visits
Dorchester,268.7,White Non-Hispanic,2014,Diabetes ED visits
Frederick,147,White Non-Hispanic,2014,Diabetes ED visits
Garrett,361.3,White Non-Hispanic,2014,Diabetes ED visits
Harford,126.1,White Non-Hispanic,2014,Diabetes ED visits
Howard,60.7,White Non-Hispanic,2014,Diabetes ED visits
Kent,,White Non-Hispanic,2014,Diabetes ED visits
Montgomery,53.3,White Non-Hispanic,2014,Diabetes ED visits
Prince George's,86.7,White Non-Hispanic,2014,Diabetes ED visits
Queen Anne's,110.4,White Non-Hispanic,2014,Diabetes ED visits
Saint Mary's,151.4,White Non-Hispanic,2014,Diabetes ED visits
Somerset,,White Non-Hispanic,2014,Diabetes ED visits
Talbot,167,White Non-Hispanic,2014,Diabetes ED visits
Washington,163.4,White Non-Hispanic,2014,Diabetes ED visits
Wicomico,217.9,White Non-Hispanic,2014,Diabetes ED visits
Worcester,168,White Non-Hispanic,2014,Diabetes ED visits
State,28.6,Asian/ Pacific Islander Non-Hispanic,2014,Diabetes ED visits
Allegany,,Asian/ Pacific Islander Non-Hispanic,2014,Diabetes ED visits
Anne Arundel,,Asian/ Pacific Islander Non-Hispanic,2014,Diabetes ED visits
Baltimore City,,Asian/ Pacific Islander Non-Hispanic,2014,Diabetes ED visits
Baltimore County,,Asian/ Pacific Islander Non-Hispanic,2014,Diabetes ED visits
Calvert,,Asian/ Pacific Islander Non-Hispanic,2014,Diabetes ED visits
Caroline,,Asian/ Pacific Islander Non-Hispanic,2014,Diabetes ED visits
Carroll,,Asian/ Pacific Islander Non-Hispanic,2014,Diabetes ED visits
Cecil,,Asian/ Pacific Islander Non-Hispanic,2014,Diabetes ED visits
Charles,,Asian/ Pacific Islander Non-Hispanic,2014,Diabetes ED visits
Dorchester,,Asian/ Pacific Islander Non-Hispanic,2014,Diabetes ED visits
Frederick,,Asian/ Pacific Islander Non-Hispanic,2014,Diabetes ED visits
Garrett,,Asian/ Pacific Islander Non-Hispanic,2014,Diabetes ED visits
Harford,,Asian/ Pacific Islander Non-Hispanic,2014,Diabetes ED visits
Howard,,Asian/ Pacific Islander Non-Hispanic,2014,Diabetes ED visits
Kent,,Asian/ Pacific Islander Non-Hispanic,2014,Diabetes ED visits
Montgomery,34.5,Asian/ Pacific Islander Non-Hispanic,2014,Diabetes ED visits
Prince George's,,Asian/ Pacific Islander Non-Hispanic,2014,Diabetes ED visits
Queen Anne's,,Asian/ Pacific Islander Non-Hispanic,2014,Diabetes ED visits
Saint Mary's,,Asian/ Pacific Islander Non-Hispanic,2014,Diabetes ED visits
Somerset,,Asian/ Pacific Islander Non-Hispanic,2014,Diabetes ED visits
Talbot,,Asian/ Pacific Islander Non-Hispanic,2014,Diabetes ED visits
Washington,,Asian/ Pacific Islander Non-Hispanic,2014,Diabetes ED visits
Wicomico,,Asian/ Pacific Islander Non-Hispanic,2014,Diabetes ED visits
Worcester,,Asian/ Pacific Islander Non-Hispanic,2014,Diabetes ED visits
State,192.1,All races/ ethnicities (aggregated),2013,Diabetes ED visits
Allegany,237.5,All races/ ethnicities (aggregated),2013,Diabetes ED visits
Anne Arundel,160.5,All races/ ethnicities (aggregated),2013,Diabetes ED visits
Baltimore City,501.7,All races/ ethnicities (aggregated),2013,Diabetes ED visits
Baltimore County,172,All races/ ethnicities (aggregated),2013,Diabetes ED visits
Calvert,165.6,All races/ ethnicities (aggregated),2013,Diabetes ED visits
Caroline,210.9,All races/ ethnicities (aggregated),2013,Diabetes ED visits
Carroll,133.5,All races/ ethnicities (aggregated),2013,Diabetes ED visits
Cecil,215.8,All races/ ethnicities (aggregated),2013,Diabetes ED visits
Charles,206,All races/ ethnicities (aggregated),2013,Diabetes ED visits
Dorchester,369,All races/ ethnicities (aggregated),2013,Diabetes ED visits
Frederick,136.6,All races/ ethnicities (aggregated),2013,Diabetes ED visits
Garrett,197.6,All races/ ethnicities (aggregated),2013,Diabetes ED visits
Harford,148.2,All races/ ethnicities (aggregated),2013,Diabetes ED visits
Howard,108.5,All races/ ethnicities (aggregated),2013,Diabetes ED visits
Kent,350.3,All races/ ethnicities (aggregated),2013,Diabetes ED visits
Montgomery,102.8,All races/ ethnicities (aggregated),2013,Diabetes ED visits
Prince George's,167.6,All races/ ethnicities (aggregated),2013,Diabetes ED visits
Queen Anne's,125.8,All races/ ethnicities (aggregated),2013,Diabetes ED visits
Saint Mary's,214.2,All races/ ethnicities (aggregated),2013,Diabetes ED visits
Somerset,286.9,All races/ ethnicities (aggregated),2013,Diabetes ED visits
Talbot,224.3,All races/ ethnicities (aggregated),2013,Diabetes ED visits
Washington,181.5,All races/ ethnicities (aggregated),2013,Diabetes ED visits
Wicomico,314.3,All races/ ethnicities (aggregated),2013,Diabetes ED visits
Worcester,240.3,All races/ ethnicities (aggregated),2013,Diabetes ED visits
State,336,Black Non-Hispanic,2013,Diabetes ED visits
Allegany,,Black Non-Hispanic,2013,Diabetes ED visits
Anne Arundel,362.4,Black Non-Hispanic,2013,Diabetes ED visits
Baltimore City,563.1,Black Non-Hispanic,2013,Diabetes ED visits
Baltimore County,293.4,Black Non-Hispanic,2013,Diabetes ED visits
Calvert,382.2,Black Non-Hispanic,2013,Diabetes ED visits
Caroline,,Black Non-Hispanic,2013,Diabetes ED visits
Carroll,,Black Non-Hispanic,2013,Diabetes ED visits
Cecil,,Black Non-Hispanic,2013,Diabetes ED visits
Charles,306.1,Black Non-Hispanic,2013,Diabetes ED visits
Dorchester,900,Black Non-Hispanic,2013,Diabetes ED visits
Frederick,367.5,Black Non-Hispanic,2013,Diabetes ED visits
Garrett,,Black Non-Hispanic,2013,Diabetes ED visits
Harford,183.8,Black Non-Hispanic,2013,Diabetes ED visits
Howard,285.8,Black Non-Hispanic,2013,Diabetes ED visits
Kent,,Black Non-Hispanic,2013,Diabetes ED visits
Montgomery,245,Black Non-Hispanic,2013,Diabetes ED visits
Prince George's,201.5,Black Non-Hispanic,2013,Diabetes ED visits
Queen Anne's,,Black Non-Hispanic,2013,Diabetes ED visits
Saint Mary's,579,Black Non-Hispanic,2013,Diabetes ED visits
Somerset,,Black Non-Hispanic,2013,Diabetes ED visits
Talbot,972,Black Non-Hispanic,2013,Diabetes ED visits
Washington,,Black Non-Hispanic,2013,Diabetes ED visits
Wicomico,819.4,Black Non-Hispanic,2013,Diabetes ED visits
Worcester,688.5,Black Non-Hispanic,2013,Diabetes ED visits
State,112.9,Hispanic,2013,Diabetes ED visits
Allegany,,Hispanic,2013,Diabetes ED visits
Anne Arundel,,Hispanic,2013,Diabetes ED visits
Baltimore City,,Hispanic,2013,Diabetes ED visits
Baltimore County,,Hispanic,2013,Diabetes ED visits
Calvert,,Hispanic,2013,Diabetes ED visits
Caroline,,Hispanic,2013,Diabetes ED visits
Carroll,,Hispanic,2013,Diabetes ED visits
Cecil,,Hispanic,2013,Diabetes ED visits
Charles,,Hispanic,2013,Diabetes ED visits
Dorchester,,Hispanic,2013,Diabetes ED visits
Frederick,,Hispanic,2013,Diabetes ED visits
Garrett,,Hispanic,2013,Diabetes ED visits
Harford,,Hispanic,2013,Diabetes ED visits
Howard,,Hispanic,2013,Diabetes ED visits
Kent,,Hispanic,2013,Diabetes ED visits
Montgomery,71.5,Hispanic,2013,Diabetes ED visits
Prince George's,106.8,Hispanic,2013,Diabetes ED visits
Queen Anne's,,Hispanic,2013,Diabetes ED visits
Saint Mary's,,Hispanic,2013,Diabetes ED visits
Somerset,,Hispanic,2013,Diabetes ED visits
Talbot,,Hispanic,2013,Diabetes ED visits
Washington,,Hispanic,2013,Diabetes ED visits
Wicomico,,Hispanic,2013,Diabetes ED visits
Worcester,,Hispanic,2013,Diabetes ED visits
State,106.4,White Non-Hispanic,2013,Diabetes ED visits
Allegany,240.5,White Non-Hispanic,2013,Diabetes ED visits
Anne Arundel,112.1,White Non-Hispanic,2013,Diabetes ED visits
Baltimore City,153.2,White Non-Hispanic,2013,Diabetes ED visits
Baltimore County,83.4,White Non-Hispanic,2013,Diabetes ED visits
Calvert,126.7,White Non-Hispanic,2013,Diabetes ED visits
Caroline,,White Non-Hispanic,2013,Diabetes ED visits
Carroll,126.7,White Non-Hispanic,2013,Diabetes ED visits
Cecil,180.6,White Non-Hispanic,2013,Diabetes ED visits
Charles,96.4,White Non-Hispanic,2013,Diabetes ED visits
Dorchester,,White Non-Hispanic,2013,Diabetes ED visits
Frederick,118.1,White Non-Hispanic,2013,Diabetes ED visits
Garrett,,White Non-Hispanic,2013,Diabetes ED visits
Harford,59.2,White Non-Hispanic,2013,Diabetes ED visits
Howard,66.9,White Non-Hispanic,2013,Diabetes ED visits
Kent,,White Non-Hispanic,2013,Diabetes ED visits
Montgomery,59.2,White Non-Hispanic,2013,Diabetes ED visits
Prince George's,117.5,White Non-Hispanic,2013,Diabetes ED visits
Queen Anne's,103.4,White Non-Hispanic,2013,Diabetes ED visits
Saint Mary's,160.3,White Non-Hispanic,2013,Diabetes ED visits
Somerset,,White Non-Hispanic,2013,Diabetes ED visits
Talbot,,White Non-Hispanic,2013,Diabetes ED visits
Washington,159.3,White Non-Hispanic,2013,Diabetes ED visits
Wicomico,163.4,White Non-Hispanic,2013,Diabetes ED visits
Worcester,167.4,White Non-Hispanic,2013,Diabetes ED visits
State,33.3,Asian/ Pacific Islander Non-Hispanic,2013,Diabetes ED visits
Allegany,,Asian/ Pacific Islander Non-Hispanic,2013,Diabetes ED visits
Anne Arundel,,Asian/ Pacific Islander Non-Hispanic,2013,Diabetes ED visits
Baltimore City,,Asian/ Pacific Islander Non-Hispanic,2013,Diabetes ED visits
Baltimore County,,Asian/ Pacific Islander Non-Hispanic,2013,Diabetes ED visits
Calvert,,Asian/ Pacific Islander Non-Hispanic,2013,Diabetes ED visits
Caroline,,Asian/ Pacific Islander Non-Hispanic,2013,Diabetes ED visits
Carroll,,Asian/ Pacific Islander Non-Hispanic,2013,Diabetes ED visits
Cecil,,Asian/ Pacific Islander Non-Hispanic,2013,Diabetes ED visits
Charles,,Asian/ Pacific Islander Non-Hispanic,2013,Diabetes ED visits
Dorchester,,Asian/ Pacific Islander Non-Hispanic,2013,Diabetes ED visits
Frederick,,Asian/ Pacific Islander Non-Hispanic,2013,Diabetes ED visits
Garrett,,Asian/ Pacific Islander Non-Hispanic,2013,Diabetes ED visits
Harford,,Asian/ Pacific Islander Non-Hispanic,2013,Diabetes ED visits
Howard,,Asian/ Pacific Islander Non-Hispanic,2013,Diabetes ED visits
Kent,,Asian/ Pacific Islander Non-Hispanic,2013,Diabetes ED visits
Montgomery,,Asian/ Pacific Islander Non-Hispanic,2013,Diabetes ED visits
Prince George's,,Asian/ Pacific Islander Non-Hispanic,2013,Diabetes ED visits
Queen Anne's,,Asian/ Pacific Islander Non-Hispanic,2013,Diabetes ED visits
Saint Mary's,,Asian/ Pacific Islander Non-Hispanic,2013,Diabetes ED visits
Somerset,,Asian/ Pacific Islander Non-Hispanic,2013,Diabetes ED visits
Talbot,,Asian/ Pacific Islander Non-Hispanic,2013,Diabetes ED visits
Washington,,Asian/ Pacific Islander Non-Hispanic,2013,Diabetes ED visits
Wicomico,,Asian/ Pacific Islander Non-Hispanic,2013,Diabetes ED visits
Worcester,,Asian/ Pacific Islander Non-Hispanic,2013,Diabetes ED visits
State,194.8,All races/ ethnicities (aggregated),2012,Diabetes ED visits
Allegany,261.9,All races/ ethnicities (aggregated),2012,Diabetes ED visits
Anne Arundel,164.1,All races/ ethnicities (aggregated),2012,Diabetes ED visits
Baltimore City,506,All races/ ethnicities (aggregated),2012,Diabetes ED visits
Baltimore County,172.7,All races/ ethnicities (aggregated),2012,Diabetes ED visits
Calvert,142.5,All races/ ethnicities (aggregated),2012,Diabetes ED visits
Caroline,287.2,All races/ ethnicities (aggregated),2012,Diabetes ED visits
Carroll,109.6,All races/ ethnicities (aggregated),2012,Diabetes ED visits
Cecil,212,All races/ ethnicities (aggregated),2012,Diabetes ED visits
Charles,195,All races/ ethnicities (aggregated),2012,Diabetes ED visits
Dorchester,512.5,All races/ ethnicities (aggregated),2012,Diabetes ED visits
Frederick,135.1,All races/ ethnicities (aggregated),2012,Diabetes ED visits
Garrett,229.6,All races/ ethnicities (aggregated),2012,Diabetes ED visits
Harford,157.4,All races/ ethnicities (aggregated),2012,Diabetes ED visits
Howard,105.5,All races/ ethnicities (aggregated),2012,Diabetes ED visits
Kent,238.7,All races/ ethnicities (aggregated),2012,Diabetes ED visits
Montgomery,101.6,All races/ ethnicities (aggregated),2012,Diabetes ED visits
Prince George's,168.5,All races/ ethnicities (aggregated),2012,Diabetes ED visits
Queen Anne's,146.6,All races/ ethnicities (aggregated),2012,Diabetes ED visits
Saint Mary's,251.1,All races/ ethnicities (aggregated),2012,Diabetes ED visits
Somerset,254.1,All races/ ethnicities (aggregated),2012,Diabetes ED visits
Talbot,235.3,All races/ ethnicities (aggregated),2012,Diabetes ED visits
Washington,208.9,All races/ ethnicities (aggregated),2012,Diabetes ED visits
Wicomico,324.4,All races/ ethnicities (aggregated),2012,Diabetes ED visits
Worcester,246.8,All races/ ethnicities (aggregated),2012,Diabetes ED visits
State,347.5,Black Non-Hispanic,2012,Diabetes ED visits
Allegany,,Black Non-Hispanic,2012,Diabetes ED visits
Anne Arundel,249.7,Black Non-Hispanic,2012,Diabetes ED visits
Baltimore City,657.3,Black Non-Hispanic,2012,Diabetes ED visits
Baltimore County,378.6,Black Non-Hispanic,2012,Diabetes ED visits
Calvert,,Black Non-Hispanic,2012,Diabetes ED visits
Caroline,,Black Non-Hispanic,2012,Diabetes ED visits
Carroll,,Black Non-Hispanic,2012,Diabetes ED visits
Cecil,,Black Non-Hispanic,2012,Diabetes ED visits
Charles,197.4,Black Non-Hispanic,2012,Diabetes ED visits
Dorchester,1003,Black Non-Hispanic,2012,Diabetes ED visits
Frederick,431,Black Non-Hispanic,2012,Diabetes ED visits
Garrett,,Black Non-Hispanic,2012,Diabetes ED visits
Harford,,Black Non-Hispanic,2012,Diabetes ED visits
Howard,273.8,Black Non-Hispanic,2012,Diabetes ED visits
Kent,,Black Non-Hispanic,2012,Diabetes ED visits
Montgomery,176.2,Black Non-Hispanic,2012,Diabetes ED visits
Prince George's,190.6,Black Non-Hispanic,2012,Diabetes ED visits
Queen Anne's,,Black Non-Hispanic,2012,Diabetes ED visits
Saint Mary's,738.2,Black Non-Hispanic,2012,Diabetes ED visits
Somerset,,Black Non-Hispanic,2012,Diabetes ED visits
Talbot,,Black Non-Hispanic,2012,Diabetes ED visits
Washington,,Black Non-Hispanic,2012,Diabetes ED visits
Wicomico,674.4,Black Non-Hispanic,2012,Diabetes ED visits
Worcester,824.1,Black Non-Hispanic,2012,Diabetes ED visits
State,127.1,Hispanic,2012,Diabetes ED visits
Allegany,,Hispanic,2012,Diabetes ED visits
Anne Arundel,,Hispanic,2012,Diabetes ED visits
Baltimore City,,Hispanic,2012,Diabetes ED visits
Baltimore County,,Hispanic,2012,Diabetes ED visits
Calvert,,Hispanic,2012,Diabetes ED visits
Caroline,,Hispanic,2012,Diabetes ED visits
Carroll,,Hispanic,2012,Diabetes ED visits
Cecil,,Hispanic,2012,Diabetes ED visits
Charles,,Hispanic,2012,Diabetes ED visits
Dorchester,,Hispanic,2012,Diabetes ED visits
Frederick,,Hispanic,2012,Diabetes ED visits
Garrett,,Hispanic,2012,Diabetes ED visits
Harford,,Hispanic,2012,Diabetes ED visits
Howard,,Hispanic,2012,Diabetes ED visits
Kent,,Hispanic,2012,Diabetes ED visits
Montgomery,93.8,Hispanic,2012,Diabetes ED visits
Prince George's,121.3,Hispanic,2012,Diabetes ED visits
Queen Anne's,,Hispanic,2012,Diabetes ED visits
Saint Mary's,,Hispanic,2012,Diabetes ED visits
Somerset,,Hispanic,2012,Diabetes ED visits
Talbot,,Hispanic,2012,Diabetes ED visits
Washington,,Hispanic,2012,Diabetes ED visits
Wicomico,,Hispanic,2012,Diabetes ED visits
Worcester,,Hispanic,2012,Diabetes ED visits
State,109.2,White Non-Hispanic,2012,Diabetes ED visits
Allegany,273.7,White Non-Hispanic,2012,Diabetes ED visits
Anne Arundel,84.7,White Non-Hispanic,2012,Diabetes ED visits
Baltimore City,245.1,White Non-Hispanic,2012,Diabetes ED visits
Baltimore County,113,White Non-Hispanic,2012,Diabetes ED visits
Calvert,99.2,White Non-Hispanic,2012,Diabetes ED visits
Caroline,,White Non-Hispanic,2012,Diabetes ED visits
Carroll,105.1,White Non-Hispanic,2012,Diabetes ED visits
Cecil,143.7,White Non-Hispanic,2012,Diabetes ED visits
Charles,94.5,White Non-Hispanic,2012,Diabetes ED visits
Dorchester,,White Non-Hispanic,2012,Diabetes ED visits
Frederick,115.6,White Non-Hispanic,2012,Diabetes ED visits
Garrett,234,White Non-Hispanic,2012,Diabetes ED visits
Harford,,White Non-Hispanic,2012,Diabetes ED visits
Howard,78.2,White Non-Hispanic,2012,Diabetes ED visits
Kent,,White Non-Hispanic,2012,Diabetes ED visits
Montgomery,47.9,White Non-Hispanic,2012,Diabetes ED visits
Prince George's,91.5,White Non-Hispanic,2012,Diabetes ED visits
Queen Anne's,,White Non-Hispanic,2012,Diabetes ED visits
Saint Mary's,168.7,White Non-Hispanic,2012,Diabetes ED visits
Somerset,,White Non-Hispanic,2012,Diabetes ED visits
Talbot,,White Non-Hispanic,2012,Diabetes ED visits
Washington,201.7,White Non-Hispanic,2012,Diabetes ED visits
Wicomico,215.8,White Non-Hispanic,2012,Diabetes ED visits
Worcester,170.1,White Non-Hispanic,2012,Diabetes ED visits
State,28.7,Asian/ Pacific Islander Non-Hispanic,2012,Diabetes ED visits
Allegany,,Asian/ Pacific Islander Non-Hispanic,2012,Diabetes ED visits
Anne Arundel,,Asian/ Pacific Islander Non-Hispanic,2012,Diabetes ED visits
Baltimore City,,Asian/ Pacific Islander Non-Hispanic,2012,Diabetes ED visits
Baltimore County,,Asian/ Pacific Islander Non-Hispanic,2012,Diabetes ED visits
Calvert,,Asian/ Pacific Islander Non-Hispanic,2012,Diabetes ED visits
Caroline,,Asian/ Pacific Islander Non-Hispanic,2012,Diabetes ED visits
Carroll,,Asian/ Pacific Islander Non-Hispanic,2012,Diabetes ED visits
Cecil,,Asian/ Pacific Islander Non-Hispanic,2012,Diabetes ED visits
Charles,,Asian/ Pacific Islander Non-Hispanic,2012,Diabetes ED visits
Dorchester,,Asian/ Pacific Islander Non-Hispanic,2012,Diabetes ED visits
Frederick,,Asian/ Pacific Islander Non-Hispanic,2012,Diabetes ED visits
Garrett,,Asian/ Pacific Islander Non-Hispanic,2012,Diabetes ED visits
Harford,,Asian/ Pacific Islander Non-Hispanic,2012,Diabetes ED visits
Howard,,Asian/ Pacific Islander Non-Hispanic,2012,Diabetes ED visits
Kent,,Asian/ Pacific Islander Non-Hispanic,2012,Diabetes ED visits
Montgomery,35.7,Asian/ Pacific Islander Non-Hispanic,2012,Diabetes ED visits
Prince George's,,Asian/ Pacific Islander Non-Hispanic,2012,Diabetes ED visits
Queen Anne's,,Asian/ Pacific Islander Non-Hispanic,2012,Diabetes ED visits
Saint Mary's,,Asian/ Pacific Islander Non-Hispanic,2012,Diabetes ED visits
Somerset,,Asian/ Pacific Islander Non-Hispanic,2012,Diabetes ED visits
Talbot,,Asian/ Pacific Islander Non-Hispanic,2012,Diabetes ED visits
Washington,,Asian/ Pacific Islander Non-Hispanic,2012,Diabetes ED visits
Wicomico,,Asian/ Pacific Islander Non-Hispanic,2012,Diabetes ED visits
Worcester,,Asian/ Pacific Islander Non-Hispanic,2012,Diabetes ED visits
State,180.9,All races/ ethnicities (aggregated),2011,Diabetes ED visits
Allegany,240.1,All races/ ethnicities (aggregated),2011,Diabetes ED visits
Anne Arundel,148.9,All races/ ethnicities (aggregated),2011,Diabetes ED visits
Baltimore City,441.9,All races/ ethnicities (aggregated),2011,Diabetes ED visits
Baltimore County,167.6,All races/ ethnicities (aggregated),2011,Diabetes ED visits
Calvert,127,All races/ ethnicities (aggregated),2011,Diabetes ED visits
Caroline,210.5,All races/ ethnicities (aggregated),2011,Diabetes ED visits
Carroll,116.1,All races/ ethnicities (aggregated),2011,Diabetes ED visits
Cecil,214.4,All races/ ethnicities (aggregated),2011,Diabetes ED visits
Charles,199.4,All races/ ethnicities (aggregated),2011,Diabetes ED visits
Dorchester,389.9,All races/ ethnicities (aggregated),2011,Diabetes ED visits
Frederick,129.3,All races/ ethnicities (aggregated),2011,Diabetes ED visits
Garrett,,All races/ ethnicities (aggregated),2011,Diabetes ED visits
Harford,151,All races/ ethnicities (aggregated),2011,Diabetes ED visits
Howard,100.1,All races/ ethnicities (aggregated),2011,Diabetes ED visits
Kent,,All races/ ethnicities (aggregated),2011,Diabetes ED visits
Montgomery,90.5,All races/ ethnicities (aggregated),2011,Diabetes ED visits
Prince George's,163.8,All races/ ethnicities (aggregated),2011,Diabetes ED visits
Queen Anne's,170,All races/ ethnicities (aggregated),2011,Diabetes ED visits
Saint Mary's,223.7,All races/ ethnicities (aggregated),2011,Diabetes ED visits
Somerset,243.3,All races/ ethnicities (aggregated),2011,Diabetes ED visits
Talbot,206.3,All races/ ethnicities (aggregated),2011,Diabetes ED visits
Washington,182.6,All races/ ethnicities (aggregated),2011,Diabetes ED visits
Wicomico,381.8,All races/ ethnicities (aggregated),2011,Diabetes ED visits
Worcester,241.8,All races/ ethnicities (aggregated),2011,Diabetes ED visits
State,323.2,Black Non-Hispanic,2011,Diabetes ED visits
Allegany,,Black Non-Hispanic,2011,Diabetes ED visits
Anne Arundel,249.9,Black Non-Hispanic,2011,Diabetes ED visits
Baltimore City,575.1,Black Non-Hispanic,2011,Diabetes ED visits
Baltimore County,377.3,Black Non-Hispanic,2011,Diabetes ED visits
Calvert,,Black Non-Hispanic,2011,Diabetes ED visits
Caroline,,Black Non-Hispanic,2011,Diabetes ED visits
Carroll,,Black Non-Hispanic,2011,Diabetes ED visits
Cecil,,Black Non-Hispanic,2011,Diabetes ED visits
Charles,171.1,Black Non-Hispanic,2011,Diabetes ED visits
Dorchester,897.6,Black Non-Hispanic,2011,Diabetes ED visits
Frederick,349.9,Black Non-Hispanic,2011,Diabetes ED visits
Garrett,,Black Non-Hispanic,2011,Diabetes ED visits
Harford,317.2,Black Non-Hispanic,2011,Diabetes ED visits
Howard,249.3,Black Non-Hispanic,2011,Diabetes ED visits
Kent,,Black Non-Hispanic,2011,Diabetes ED visits
Montgomery,166.4,Black Non-Hispanic,2011,Diabetes ED visits
Prince George's,161.7,Black Non-Hispanic,2011,Diabetes ED visits
Queen Anne's,,Black Non-Hispanic,2011,Diabetes ED visits
Saint Mary's,773.9,Black Non-Hispanic,2011,Diabetes ED visits
Somerset,,Black Non-Hispanic,2011,Diabetes ED visits
Talbot,,Black Non-Hispanic,2011,Diabetes ED visits
Washington,,Black Non-Hispanic,2011,Diabetes ED visits
Wicomico,923.8,Black Non-Hispanic,2011,Diabetes ED visits
Worcester,921.8,Black Non-Hispanic,2011,Diabetes ED visits
State,85,Hispanic,2011,Diabetes ED visits
Allegany,,Hispanic,2011,Diabetes ED visits
Anne Arundel,,Hispanic,2011,Diabetes ED visits
Baltimore City,,Hispanic,2011,Diabetes ED visits
Baltimore County,,Hispanic,2011,Diabetes ED visits
Calvert,,Hispanic,2011,Diabetes ED visits
Caroline,,Hispanic,2011,Diabetes ED visits
Carroll,,Hispanic,2011,Diabetes ED visits
Cecil,,Hispanic,2011,Diabetes ED visits
Charles,,Hispanic,2011,Diabetes ED visits
Dorchester,,Hispanic,2011,Diabetes ED visits
Frederick,,Hispanic,2011,Diabetes ED visits
Garrett,,Hispanic,2011,Diabetes ED visits
Harford,,Hispanic,2011,Diabetes ED visits
Howard,,Hispanic,2011,Diabetes ED visits
Kent,,Hispanic,2011,Diabetes ED visits
Montgomery,66.4,Hispanic,2011,Diabetes ED visits
Prince George's,124.6,Hispanic,2011,Diabetes ED visits
Queen Anne's,,Hispanic,2011,Diabetes ED visits
Saint Mary's,,Hispanic,2011,Diabetes ED visits
Somerset,,Hispanic,2011,Diabetes ED visits
Talbot,,Hispanic,2011,Diabetes ED visits
Washington,,Hispanic,2011,Diabetes ED visits
Wicomico,,Hispanic,2011,Diabetes ED visits
Worcester,,Hispanic,2011,Diabetes ED visits
State,105.1,White Non-Hispanic,2011,Diabetes ED visits
Allegany,255.9,White Non-Hispanic,2011,Diabetes ED visits
Anne Arundel,78.2,White Non-Hispanic,2011,Diabetes ED visits
Baltimore City,214,White Non-Hispanic,2011,Diabetes ED visits
Baltimore County,106.9,White Non-Hispanic,2011,Diabetes ED visits
Calvert,94.8,White Non-Hispanic,2011,Diabetes ED visits
Caroline,,White Non-Hispanic,2011,Diabetes ED visits
Carroll,113.6,White Non-Hispanic,2011,Diabetes ED visits
Cecil,192.7,White Non-Hispanic,2011,Diabetes ED visits
Charles,,White Non-Hispanic,2011,Diabetes ED visits
Dorchester,223.3,White Non-Hispanic,2011,Diabetes ED visits
Frederick,115.3,White Non-Hispanic,2011,Diabetes ED visits
Garrett,,White Non-Hispanic,2011,Diabetes ED visits
Harford,78.5,White Non-Hispanic,2011,Diabetes ED visits
Howard,70.1,White Non-Hispanic,2011,Diabetes ED visits
Kent,,White Non-Hispanic,2011,Diabetes ED visits
Montgomery,39.8,White Non-Hispanic,2011,Diabetes ED visits
Prince George's,73.3,White Non-Hispanic,2011,Diabetes ED visits
Queen Anne's,112,White Non-Hispanic,2011,Diabetes ED visits
Saint Mary's,131.6,White Non-Hispanic,2011,Diabetes ED visits
Somerset,,White Non-Hispanic,2011,Diabetes ED visits
Talbot,174.3,White Non-Hispanic,2011,Diabetes ED visits
Washington,168.2,White Non-Hispanic,2011,Diabetes ED visits
Wicomico,218.7,White Non-Hispanic,2011,Diabetes ED visits
Worcester,142.3,White Non-Hispanic,2011,Diabetes ED visits
State,24.5,Asian/ Pacific Islander Non-Hispanic,2011,Diabetes ED visits
Allegany,,Asian/ Pacific Islander Non-Hispanic,2011,Diabetes ED visits
Anne Arundel,,Asian/ Pacific Islander Non-Hispanic,2011,Diabetes ED visits
Baltimore City,,Asian/ Pacific Islander Non-Hispanic,2011,Diabetes ED visits
Baltimore County,,Asian/ Pacific Islander Non-Hispanic,2011,Diabetes ED visits
Calvert,,Asian/ Pacific Islander Non-Hispanic,2011,Diabetes ED visits
Caroline,,Asian/ Pacific Islander Non-Hispanic,2011,Diabetes ED visits
Carroll,,Asian/ Pacific Islander Non-Hispanic,2011,Diabetes ED visits
Cecil,,Asian/ Pacific Islander Non-Hispanic,2011,Diabetes ED visits
Charles,,Asian/ Pacific Islander Non-Hispanic,2011,Diabetes ED visits
Dorchester,,Asian/ Pacific Islander Non-Hispanic,2011,Diabetes ED visits
Frederick,,Asian/ Pacific Islander Non-Hispanic,2011,Diabetes ED visits
Garrett,,Asian/ Pacific Islander Non-Hispanic,2011,Diabetes ED visits
Harford,,Asian/ Pacific Islander Non-Hispanic,2011,Diabetes ED visits
Howard,,Asian/ Pacific Islander Non-Hispanic,2011,Diabetes ED visits
Kent,,Asian/ Pacific Islander Non-Hispanic,2011,Diabetes ED visits
Montgomery,,Asian/ Pacific Islander Non-Hispanic,2011,Diabetes ED visits
Prince George's,,Asian/ Pacific Islander Non-Hispanic,2011,Diabetes ED visits
Queen Anne's,,Asian/ Pacific Islander Non-Hispanic,2011,Diabetes ED visits
Saint Mary's,,Asian/ Pacific Islander Non-Hispanic,2011,Diabetes ED visits
Somerset,,Asian/ Pacific Islander Non-Hispanic,2011,Diabetes ED visits
Talbot,,Asian/ Pacific Islander Non-Hispanic,2011,Diabetes ED visits
Washington,,Asian/ Pacific Islander Non-Hispanic,2011,Diabetes ED visits
Wicomico,,Asian/ Pacific Islander Non-Hispanic,2011,Diabetes ED visits
Worcester,,Asian/ Pacific Islander Non-Hispanic,2011,Diabetes ED visits
State,177.3,All races/ ethnicities (aggregated),2010,Diabetes ED visits
Allegany,185.2,All races/ ethnicities (aggregated),2010,Diabetes ED visits
Anne Arundel,152.8,All races/ ethnicities (aggregated),2010,Diabetes ED visits
Baltimore City,443.7,All races/ ethnicities (aggregated),2010,Diabetes ED visits
Baltimore County,164,All races/ ethnicities (aggregated),2010,Diabetes ED visits
Calvert,133.1,All races/ ethnicities (aggregated),2010,Diabetes ED visits
Caroline,196.3,All races/ ethnicities (aggregated),2010,Diabetes ED visits
Carroll,84.3,All races/ ethnicities (aggregated),2010,Diabetes ED visits
Cecil,185.4,All races/ ethnicities (aggregated),2010,Diabetes ED visits
Charles,186.1,All races/ ethnicities (aggregated),2010,Diabetes ED visits
Dorchester,374.2,All races/ ethnicities (aggregated),2010,Diabetes ED visits
Frederick,124.9,All races/ ethnicities (aggregated),2010,Diabetes ED visits
Garrett,238.3,All races/ ethnicities (aggregated),2010,Diabetes ED visits
Harford,156.8,All races/ ethnicities (aggregated),2010,Diabetes ED visits
Howard,91.3,All races/ ethnicities (aggregated),2010,Diabetes ED visits
Kent,,All races/ ethnicities (aggregated),2010,Diabetes ED visits
Montgomery,86.8,All races/ ethnicities (aggregated),2010,Diabetes ED visits
Prince George's,156.6,All races/ ethnicities (aggregated),2010,Diabetes ED visits
Queen Anne's,,All races/ ethnicities (aggregated),2010,Diabetes ED visits
Saint Mary's,246.7,All races/ ethnicities (aggregated),2010,Diabetes ED visits
Somerset,355.2,All races/ ethnicities (aggregated),2010,Diabetes ED visits
Talbot,202.9,All races/ ethnicities (aggregated),2010,Diabetes ED visits
Washington,168.6,All races/ ethnicities (aggregated),2010,Diabetes ED visits
Wicomico,364.2,All races/ ethnicities (aggregated),2010,Diabetes ED visits
Worcester,220.9,All races/ ethnicities (aggregated),2010,Diabetes ED visits
State,321.9,Black Non-Hispanic,2010,Diabetes ED visits
Allegany,,Black Non-Hispanic,2010,Diabetes ED visits
Anne Arundel,250.1,Black Non-Hispanic,2010,Diabetes ED visits
Baltimore City,578.8,Black Non-Hispanic,2010,Diabetes ED visits
Baltimore County,385.1,Black Non-Hispanic,2010,Diabetes ED visits
Calvert,,Black Non-Hispanic,2010,Diabetes ED visits
Caroline,,Black Non-Hispanic,2010,Diabetes ED visits
Carroll,,Black Non-Hispanic,2010,Diabetes ED visits
Cecil,,Black Non-Hispanic,2010,Diabetes ED visits
Charles,124.2,Black Non-Hispanic,2010,Diabetes ED visits
Dorchester,890.7,Black Non-Hispanic,2010,Diabetes ED visits
Frederick,357,Black Non-Hispanic,2010,Diabetes ED visits
Garrett,,Black Non-Hispanic,2010,Diabetes ED visits
Harford,415.5,Black Non-Hispanic,2010,Diabetes ED visits
Howard,229.9,Black Non-Hispanic,2010,Diabetes ED visits
Kent,,Black Non-Hispanic,2010,Diabetes ED visits
Montgomery,207.1,Black Non-Hispanic,2010,Diabetes ED visits
Prince George's,143.9,Black Non-Hispanic,2010,Diabetes ED visits
Queen Anne's,,Black Non-Hispanic,2010,Diabetes ED visits
Saint Mary's,747.9,Black Non-Hispanic,2010,Diabetes ED visits
Somerset,,Black Non-Hispanic,2010,Diabetes ED visits
Talbot,,Black Non-Hispanic,2010,Diabetes ED visits
Washington,,Black Non-Hispanic,2010,Diabetes ED visits
Wicomico,812.7,Black Non-Hispanic,2010,Diabetes ED visits
Worcester,,Black Non-Hispanic,2010,Diabetes ED visits
State,71.6,Hispanic,2010,Diabetes ED visits
Allegany,,Hispanic,2010,Diabetes ED visits
Anne Arundel,,Hispanic,2010,Diabetes ED visits
Baltimore City,,Hispanic,2010,Diabetes ED visits
Baltimore County,,Hispanic,2010,Diabetes ED visits
Calvert,,Hispanic,2010,Diabetes ED visits
Caroline,,Hispanic,2010,Diabetes ED visits
Carroll,,Hispanic,2010,Diabetes ED visits
Cecil,,Hispanic,2010,Diabetes ED visits
Charles,,Hispanic,2010,Diabetes ED visits
Dorchester,,Hispanic,2010,Diabetes ED visits
Frederick,,Hispanic,2010,Diabetes ED visits
Garrett,,Hispanic,2010,Diabetes ED visits
Harford,,Hispanic,2010,Diabetes ED visits
Howard,,Hispanic,2010,Diabetes ED visits
Kent,,Hispanic,2010,Diabetes ED visits
Montgomery,54.3,Hispanic,2010,Diabetes ED visits
Prince George's,83.4,Hispanic,2010,Diabetes ED visits
Queen Anne's,,Hispanic,2010,Diabetes ED visits
Saint Mary's,,Hispanic,2010,Diabetes ED visits
Somerset,,Hispanic,2010,Diabetes ED visits
Talbot,,Hispanic,2010,Diabetes ED visits
Washington,,Hispanic,2010,Diabetes ED visits
Wicomico,,Hispanic,2010,Diabetes ED visits
Worcester,,Hispanic,2010,Diabetes ED visits
State,100.9,White Non-Hispanic,2010,Diabetes ED visits
Allegany,180.6,White Non-Hispanic,2010,Diabetes ED visits
Anne Arundel,73,White Non-Hispanic,2010,Diabetes ED visits
Baltimore City,210.4,White Non-Hispanic,2010,Diabetes ED visits
Baltimore County,97.9,White Non-Hispanic,2010,Diabetes ED visits
Calvert,81.6,White Non-Hispanic,2010,Diabetes ED visits
Caroline,,White Non-Hispanic,2010,Diabetes ED visits
Carroll,81.1,White Non-Hispanic,2010,Diabetes ED visits
Cecil,161.6,White Non-Hispanic,2010,Diabetes ED visits
Charles,,White Non-Hispanic,2010,Diabetes ED visits
Dorchester,,White Non-Hispanic,2010,Diabetes ED visits
Frederick,106.7,White Non-Hispanic,2010,Diabetes ED visits
Garrett,242,White Non-Hispanic,2010,Diabetes ED visits
Harford,114.6,White Non-Hispanic,2010,Diabetes ED visits
Howard,65.7,White Non-Hispanic,2010,Diabetes ED visits
Kent,,White Non-Hispanic,2010,Diabetes ED visits
Montgomery,49.8,White Non-Hispanic,2010,Diabetes ED visits
Prince George's,67.5,White Non-Hispanic,2010,Diabetes ED visits
Queen Anne's,,White Non-Hispanic,2010,Diabetes ED visits
Saint Mary's,148.4,White Non-Hispanic,2010,Diabetes ED visits
Somerset,,White Non-Hispanic,2010,Diabetes ED visits
Talbot,,White Non-Hispanic,2010,Diabetes ED visits
Washington,154.4,White Non-Hispanic,2010,Diabetes ED visits
Wicomico,230.3,White Non-Hispanic,2010,Diabetes ED visits
Worcester,108.8,White Non-Hispanic,2010,Diabetes ED visits
State,30,Asian/ Pacific Islander Non-Hispanic,2010,Diabetes ED visits
Allegany,,Asian/ Pacific Islander Non-Hispanic,2010,Diabetes ED visits
Anne Arundel,,Asian/ Pacific Islander Non-Hispanic,2010,Diabetes ED visits
Baltimore City,,Asian/ Pacific Islander Non-Hispanic,2010,Diabetes ED visits
Baltimore County,,Asian/ Pacific Islander Non-Hispanic,2010,Diabetes ED visits
Calvert,,Asian/ Pacific Islander Non-Hispanic,2010,Diabetes ED visits
Caroline,,Asian/ Pacific Islander Non-Hispanic,2010,Diabetes ED visits
Carroll,,Asian/ Pacific Islander Non-Hispanic,2010,Diabetes ED visits
Cecil,,Asian/ Pacific Islander Non-Hispanic,2010,Diabetes ED visits
Charles,,Asian/ Pacific Islander Non-Hispanic,2010,Diabetes ED visits
Dorchester,,Asian/ Pacific Islander Non-Hispanic,2010,Diabetes ED visits
Frederick,,Asian/ Pacific Islander Non-Hispanic,2010,Diabetes ED visits
Garrett,,Asian/ Pacific Islander Non-Hispanic,2010,Diabetes ED visits
Harford,,Asian/ Pacific Islander Non-Hispanic,2010,Diabetes ED visits
Howard,,Asian/ Pacific Islander Non-Hispanic,2010,Diabetes ED visits
Kent,,Asian/ Pacific Islander Non-Hispanic,2010,Diabetes ED visits
Montgomery,,Asian/ Pacific Islander Non-Hispanic,2010,Diabetes ED visits
Prince George's,,Asian/ Pacific Islander Non-Hispanic,2010,Diabetes ED visits
Queen Anne's,,Asian/ Pacific Islander Non-Hispanic,2010,Diabetes ED visits
Saint Mary's,,Asian/ Pacific Islander Non-Hispanic,2010,Diabetes ED visits
Somerset,,Asian/ Pacific Islander Non-Hispanic,2010,Diabetes ED visits
Talbot,,Asian/ Pacific Islander Non-Hispanic,2010,Diabetes ED visits
Washington,,Asian/ Pacific Islander Non-Hispanic,2010,Diabetes ED visits
Wicomico,,Asian/ Pacific Islander Non-Hispanic,2010,Diabetes ED visits
Worcester,,Asian/ Pacific Islander Non-Hispanic,2010,Diabetes ED visits
State,173.1,All races/ ethnicities (aggregated),2009,Diabetes ED visits
Allegany,194.5,All races/ ethnicities (aggregated),2009,Diabetes ED visits
Anne Arundel,164.4,All races/ ethnicities (aggregated),2009,Diabetes ED visits
Baltimore City,420.2,All races/ ethnicities (aggregated),2009,Diabetes ED visits
Baltimore County,165.4,All races/ ethnicities (aggregated),2009,Diabetes ED visits
Calvert,94.5,All races/ ethnicities (aggregated),2009,Diabetes ED visits
Caroline,184.3,All races/ ethnicities (aggregated),2009,Diabetes ED visits
Carroll,115.8,All races/ ethnicities (aggregated),2009,Diabetes ED visits
Cecil,180.8,All races/ ethnicities (aggregated),2009,Diabetes ED visits
Charles,165.2,All races/ ethnicities (aggregated),2009,Diabetes ED visits
Dorchester,366.4,All races/ ethnicities (aggregated),2009,Diabetes ED visits
Frederick,136.4,All races/ ethnicities (aggregated),2009,Diabetes ED visits
Garrett,,All races/ ethnicities (aggregated),2009,Diabetes ED visits
Harford,121.7,All races/ ethnicities (aggregated),2009,Diabetes ED visits
Howard,99.6,All races/ ethnicities (aggregated),2009,Diabetes ED visits
Kent,,All races/ ethnicities (aggregated),2009,Diabetes ED visits
Montgomery,81.3,All races/ ethnicities (aggregated),2009,Diabetes ED visits
Prince George's,149.8,All races/ ethnicities (aggregated),2009,Diabetes ED visits
Queen Anne's,123.4,All races/ ethnicities (aggregated),2009,Diabetes ED visits
Saint Mary's,192.8,All races/ ethnicities (aggregated),2009,Diabetes ED visits
Somerset,386.5,All races/ ethnicities (aggregated),2009,Diabetes ED visits
Talbot,224.6,All races/ ethnicities (aggregated),2009,Diabetes ED visits
Washington,148.5,All races/ ethnicities (aggregated),2009,Diabetes ED visits
Wicomico,363.5,All races/ ethnicities (aggregated),2009,Diabetes ED visits
Worcester,261.1,All races/ ethnicities (aggregated),2009,Diabetes ED visits
State,322.6,Black Non-Hispanic,2009,Diabetes ED visits
Allegany,,Black Non-Hispanic,2009,Diabetes ED visits
Anne Arundel,348.2,Black Non-Hispanic,2009,Diabetes ED visits
Baltimore City,556.6,Black Non-Hispanic,2009,Diabetes ED visits
Baltimore County,399.2,Black Non-Hispanic,2009,Diabetes ED visits
Calvert,,Black Non-Hispanic,2009,Diabetes ED visits
Caroline,,Black Non-Hispanic,2009,Diabetes ED visits
Carroll,,Black Non-Hispanic,2009,Diabetes ED visits
Cecil,,Black Non-Hispanic,2009,Diabetes ED visits
Charles,207.9,Black Non-Hispanic,2009,Diabetes ED visits
Dorchester,843,Black Non-Hispanic,2009,Diabetes ED visits
Frederick,400,Black Non-Hispanic,2009,Diabetes ED visits
Garrett,,Black Non-Hispanic,2009,Diabetes ED visits
Harford,272.5,Black Non-Hispanic,2009,Diabetes ED visits
Howard,233.7,Black Non-Hispanic,2009,Diabetes ED visits
Kent,,Black Non-Hispanic,2009,Diabetes ED visits
Montgomery,209.9,Black Non-Hispanic,2009,Diabetes ED visits
Prince George's,142.1,Black Non-Hispanic,2009,Diabetes ED visits
Queen Anne's,,Black Non-Hispanic,2009,Diabetes ED visits
Saint Mary's,516.5,Black Non-Hispanic,2009,Diabetes ED visits
Somerset,,Black Non-Hispanic,2009,Diabetes ED visits
Talbot,,Black Non-Hispanic,2009,Diabetes ED visits
Washington,,Black Non-Hispanic,2009,Diabetes ED visits
Wicomico,897.4,Black Non-Hispanic,2009,Diabetes ED visits
Worcester,,Black Non-Hispanic,2009,Diabetes ED visits
State,90.1,Hispanic,2009,Diabetes ED visits
Allegany,,Hispanic,2009,Diabetes ED visits
Anne Arundel,,Hispanic,2009,Diabetes ED visits
Baltimore City,,Hispanic,2009,Diabetes ED visits
Baltimore County,,Hispanic,2009,Diabetes ED visits
Calvert,,Hispanic,2009,Diabetes ED visits
Caroline,,Hispanic,2009,Diabetes ED visits
Carroll,,Hispanic,2009,Diabetes ED visits
Cecil,,Hispanic,2009,Diabetes ED visits
Charles,,Hispanic,2009,Diabetes ED visits
Dorchester,,Hispanic,2009,Diabetes ED visits
Frederick,,Hispanic,2009,Diabetes ED visits
Garrett,,Hispanic,2009,Diabetes ED visits
Harford,,Hispanic,2009,Diabetes ED visits
Howard,,Hispanic,2009,Diabetes ED visits
Kent,,Hispanic,2009,Diabetes ED visits
Montgomery,78.8,Hispanic,2009,Diabetes ED visits
Prince George's,87.9,Hispanic,2009,Diabetes ED visits
Queen Anne's,,Hispanic,2009,Diabetes ED visits
Saint Mary's,,Hispanic,2009,Diabetes ED visits
Somerset,,Hispanic,2009,Diabetes ED visits
Talbot,,Hispanic,2009,Diabetes ED visits
Washington,,Hispanic,2009,Diabetes ED visits
Wicomico,,Hispanic,2009,Diabetes ED visits
Worcester,,Hispanic,2009,Diabetes ED visits
State,100,White Non-Hispanic,2009,Diabetes ED visits
Allegany,192.2,White Non-Hispanic,2009,Diabetes ED visits
Anne Arundel,107.5,White Non-Hispanic,2009,Diabetes ED visits
Baltimore City,193.7,White Non-Hispanic,2009,Diabetes ED visits
Baltimore County,102.1,White Non-Hispanic,2009,Diabetes ED visits
Calvert,,White Non-Hispanic,2009,Diabetes ED visits
Caroline,,White Non-Hispanic,2009,Diabetes ED visits
Carroll,109.8,White Non-Hispanic,2009,Diabetes ED visits
Cecil,158.8,White Non-Hispanic,2009,Diabetes ED visits
Charles,,White Non-Hispanic,2009,Diabetes ED visits
Dorchester,,White Non-Hispanic,2009,Diabetes ED visits
Frederick,113,White Non-Hispanic,2009,Diabetes ED visits
Garrett,,White Non-Hispanic,2009,Diabetes ED visits
Harford,87.9,White Non-Hispanic,2009,Diabetes ED visits
Howard,70.4,White Non-Hispanic,2009,Diabetes ED visits
Kent,,White Non-Hispanic,2009,Diabetes ED visits
Montgomery,43,White Non-Hispanic,2009,Diabetes ED visits
Prince George's,55.6,White Non-Hispanic,2009,Diabetes ED visits
Queen Anne's,,White Non-Hispanic,2009,Diabetes ED visits
Saint Mary's,132.4,White Non-Hispanic,2009,Diabetes ED visits
Somerset,,White Non-Hispanic,2009,Diabetes ED visits
Talbot,145,White Non-Hispanic,2009,Diabetes ED visits
Washington,132.2,White Non-Hispanic,2009,Diabetes ED visits
Wicomico,191.3,White Non-Hispanic,2009,Diabetes ED visits
Worcester,,White Non-Hispanic,2009,Diabetes ED visits
State,28.8,Asian/ Pacific Islander Non-Hispanic,2009,Diabetes ED visits
Allegany,,Asian/ Pacific Islander Non-Hispanic,2009,Diabetes ED visits
Anne Arundel,,Asian/ Pacific Islander Non-Hispanic,2009,Diabetes ED visits
Baltimore City,,Asian/ Pacific Islander Non-Hispanic,2009,Diabetes ED visits
Baltimore County,,Asian/ Pacific Islander Non-Hispanic,2009,Diabetes ED visits
Calvert,,Asian/ Pacific Islander Non-Hispanic,2009,Diabetes ED visits
Caroline,,Asian/ Pacific Islander Non-Hispanic,2009,Diabetes ED visits
Carroll,,Asian/ Pacific Islander Non-Hispanic,2009,Diabetes ED visits
Cecil,,Asian/ Pacific Islander Non-Hispanic,2009,Diabetes ED visits
Charles,,Asian/ Pacific Islander Non-Hispanic,2009,Diabetes ED visits
Dorchester,,Asian/ Pacific Islander Non-Hispanic,2009,Diabetes ED visits
Frederick,,Asian/ Pacific Islander Non-Hispanic,2009,Diabetes ED visits
Garrett,,Asian/ Pacific Islander Non-Hispanic,2009,Diabetes ED visits
Harford,,Asian/ Pacific Islander Non-Hispanic,2009,Diabetes ED visits
Howard,,Asian/ Pacific Islander Non-Hispanic,2009,Diabetes ED visits
Kent,,Asian/ Pacific Islander Non-Hispanic,2009,Diabetes ED visits
Montgomery,,Asian/ Pacific Islander Non-Hispanic,2009,Diabetes ED visits
Prince George's,,Asian/ Pacific Islander Non-Hispanic,2009,Diabetes ED visits
Queen Anne's,,Asian/ Pacific Islander Non-Hispanic,2009,Diabetes ED visits
Saint Mary's,,Asian/ Pacific Islander Non-Hispanic,2009,Diabetes ED visits
Somerset,,Asian/ Pacific Islander Non-Hispanic,2009,Diabetes ED visits
Talbot,,Asian/ Pacific Islander Non-Hispanic,2009,Diabetes ED visits
Washington,,Asian/ Pacific Islander Non-Hispanic,2009,Diabetes ED visits
Wicomico,,Asian/ Pacific Islander Non-Hispanic,2009,Diabetes ED visits
Worcester,,Asian/ Pacific Islander Non-Hispanic,2009,Diabetes ED visits
State,169.4,All races/ ethnicities (aggregated),2008,Diabetes ED visits
Allegany,218.3,All races/ ethnicities (aggregated),2008,Diabetes ED visits
Anne Arundel,159,All races/ ethnicities (aggregated),2008,Diabetes ED visits
Baltimore City,434.4,All races/ ethnicities (aggregated),2008,Diabetes ED visits
Baltimore County,155.3,All races/ ethnicities (aggregated),2008,Diabetes ED visits
Calvert,60.2,All races/ ethnicities (aggregated),2008,Diabetes ED visits
Caroline,190.2,All races/ ethnicities (aggregated),2008,Diabetes ED visits
Carroll,89.4,All races/ ethnicities (aggregated),2008,Diabetes ED visits
Cecil,222.5,All races/ ethnicities (aggregated),2008,Diabetes ED visits
Charles,139.4,All races/ ethnicities (aggregated),2008,Diabetes ED visits
Dorchester,280,All races/ ethnicities (aggregated),2008,Diabetes ED visits
Frederick,128.1,All races/ ethnicities (aggregated),2008,Diabetes ED visits
Garrett,259.9,All races/ ethnicities (aggregated),2008,Diabetes ED visits
Harford,124.5,All races/ ethnicities (aggregated),2008,Diabetes ED visits
Howard,112,All races/ ethnicities (aggregated),2008,Diabetes ED visits
Kent,,All races/ ethnicities (aggregated),2008,Diabetes ED visits
Montgomery,78.2,All races/ ethnicities (aggregated),2008,Diabetes ED visits
Prince George's,140.4,All races/ ethnicities (aggregated),2008,Diabetes ED visits
Queen Anne's,120.2,All races/ ethnicities (aggregated),2008,Diabetes ED visits
Saint Mary's,124,All races/ ethnicities (aggregated),2008,Diabetes ED visits
Somerset,345.7,All races/ ethnicities (aggregated),2008,Diabetes ED visits
Talbot,205.4,All races/ ethnicities (aggregated),2008,Diabetes ED visits
Washington,151.3,All races/ ethnicities (aggregated),2008,Diabetes ED visits
Wicomico,343.5,All races/ ethnicities (aggregated),2008,Diabetes ED visits
Worcester,249.5,All races/ ethnicities (aggregated),2008,Diabetes ED visits
State,328.6,Black Non-Hispanic,2008,Diabetes ED visits
Allegany,,Black Non-Hispanic,2008,Diabetes ED visits
Anne Arundel,460.6,Black Non-Hispanic,2008,Diabetes ED visits
Baltimore City,577.7,Black Non-Hispanic,2008,Diabetes ED visits
Baltimore County,416.6,Black Non-Hispanic,2008,Diabetes ED visits
Calvert,,Black Non-Hispanic,2008,Diabetes ED visits
Caroline,,Black Non-Hispanic,2008,Diabetes ED visits
Carroll,,Black Non-Hispanic,2008,Diabetes ED visits
Cecil,,Black Non-Hispanic,2008,Diabetes ED visits
Charles,266.5,Black Non-Hispanic,2008,Diabetes ED visits
Dorchester,664.2,Black Non-Hispanic,2008,Diabetes ED visits
Frederick,471.1,Black Non-Hispanic,2008,Diabetes ED visits
Garrett,,Black Non-Hispanic,2008,Diabetes ED visits
Harford,273.5,Black Non-Hispanic,2008,Diabetes ED visits
Howard,266.3,Black Non-Hispanic,2008,Diabetes ED visits
Kent,,Black Non-Hispanic,2008,Diabetes ED visits
Montgomery,169.4,Black Non-Hispanic,2008,Diabetes ED visits
Prince George's,125.5,Black Non-Hispanic,2008,Diabetes ED visits
Queen Anne's,,Black Non-Hispanic,2008,Diabetes ED visits
Saint Mary's,,Black Non-Hispanic,2008,Diabetes ED visits
Somerset,,Black Non-Hispanic,2008,Diabetes ED visits
Talbot,,Black Non-Hispanic,2008,Diabetes ED visits
Washington,,Black Non-Hispanic,2008,Diabetes ED visits
Wicomico,864.8,Black Non-Hispanic,2008,Diabetes ED visits
Worcester,,Black Non-Hispanic,2008,Diabetes ED visits
State,76.5,Hispanic,2008,Diabetes ED visits
Allegany,,Hispanic,2008,Diabetes ED visits
Anne Arundel,,Hispanic,2008,Diabetes ED visits
Baltimore City,,Hispanic,2008,Diabetes ED visits
Baltimore County,,Hispanic,2008,Diabetes ED visits
Calvert,,Hispanic,2008,Diabetes ED visits
Caroline,,Hispanic,2008,Diabetes ED visits
Carroll,,Hispanic,2008,Diabetes ED visits
Cecil,,Hispanic,2008,Diabetes ED visits
Charles,,Hispanic,2008,Diabetes ED visits
Dorchester,,Hispanic,2008,Diabetes ED visits
Frederick,,Hispanic,2008,Diabetes ED visits
Garrett,,Hispanic,2008,Diabetes ED visits
Harford,,Hispanic,2008,Diabetes ED visits
Howard,,Hispanic,2008,Diabetes ED visits
Kent,,Hispanic,2008,Diabetes ED visits
Montgomery,59,Hispanic,2008,Diabetes ED visits
Prince George's,,Hispanic,2008,Diabetes ED visits
Queen Anne's,,Hispanic,2008,Diabetes ED visits
Saint Mary's,,Hispanic,2008,Diabetes ED visits
Somerset,,Hispanic,2008,Diabetes ED visits
Talbot,,Hispanic,2008,Diabetes ED visits
Washington,,Hispanic,2008,Diabetes ED visits
Wicomico,,Hispanic,2008,Diabetes ED visits
Worcester,,Hispanic,2008,Diabetes ED visits
State,98.5,White Non-Hispanic,2008,Diabetes ED visits
Allegany,209.4,White Non-Hispanic,2008,Diabetes ED visits
Anne Arundel,117.5,White Non-Hispanic,2008,Diabetes ED visits
Baltimore City,204.4,White Non-Hispanic,2008,Diabetes ED visits
Baltimore County,88,White Non-Hispanic,2008,Diabetes ED visits
Calvert,,White Non-Hispanic,2008,Diabetes ED visits
Caroline,,White Non-Hispanic,2008,Diabetes ED visits
Carroll,82.4,White Non-Hispanic,2008,Diabetes ED visits
Cecil,193.2,White Non-Hispanic,2008,Diabetes ED visits
Charles,85.7,White Non-Hispanic,2008,Diabetes ED visits
Dorchester,,White Non-Hispanic,2008,Diabetes ED visits
Frederick,101.5,White Non-Hispanic,2008,Diabetes ED visits
Garrett,261.9,White Non-Hispanic,2008,Diabetes ED visits
Harford,87.8,White Non-Hispanic,2008,Diabetes ED visits
Howard,84.3,White Non-Hispanic,2008,Diabetes ED visits
Kent,,White Non-Hispanic,2008,Diabetes ED visits
Montgomery,40.1,White Non-Hispanic,2008,Diabetes ED visits
Prince George's,53.6,White Non-Hispanic,2008,Diabetes ED visits
Queen Anne's,,White Non-Hispanic,2008,Diabetes ED visits
Saint Mary's,82.7,White Non-Hispanic,2008,Diabetes ED visits
Somerset,,White Non-Hispanic,2008,Diabetes ED visits
Talbot,,White Non-Hispanic,2008,Diabetes ED visits
Washington,142.1,White Non-Hispanic,2008,Diabetes ED visits
Wicomico,171.8,White Non-Hispanic,2008,Diabetes ED visits
Worcester,,White Non-Hispanic,2008,Diabetes ED visits
State,29.1,Asian/ Pacific Islander Non-Hispanic,2008,Diabetes ED visits
Allegany,,Asian/ Pacific Islander Non-Hispanic,2008,Diabetes ED visits
Anne Arundel,,Asian/ Pacific Islander Non-Hispanic,2008,Diabetes ED visits
Baltimore City,,Asian/ Pacific Islander Non-Hispanic,2008,Diabetes ED visits
Baltimore County,,Asian/ Pacific Islander Non-Hispanic,2008,Diabetes ED visits
Calvert,,Asian/ Pacific Islander Non-Hispanic,2008,Diabetes ED visits
Caroline,,Asian/ Pacific Islander Non-Hispanic,2008,Diabetes ED visits
Carroll,,Asian/ Pacific Islander Non-Hispanic,2008,Diabetes ED visits
Cecil,,Asian/ Pacific Islander Non-Hispanic,2008,Diabetes ED visits
Charles,,Asian/ Pacific Islander Non-Hispanic,2008,Diabetes ED visits
Dorchester,,Asian/ Pacific Islander Non-Hispanic,2008,Diabetes ED visits
Frederick,,Asian/ Pacific Islander Non-Hispanic,2008,Diabetes ED visits
Garrett,,Asian/ Pacific Islander Non-Hispanic,2008,Diabetes ED visits
Harford,,Asian/ Pacific Islander Non-Hispanic,2008,Diabetes ED visits
Howard,,Asian/ Pacific Islander Non-Hispanic,2008,Diabetes ED visits
Kent,,Asian/ Pacific Islander Non-Hispanic,2008,Diabetes ED visits
Montgomery,,Asian/ Pacific Islander Non-Hispanic,2008,Diabetes ED visits
Prince George's,,Asian/ Pacific Islander Non-Hispanic,2008,Diabetes ED visits
Queen Anne's,,Asian/ Pacific Islander Non-Hispanic,2008,Diabetes ED visits
Saint Mary's,,Asian/ Pacific Islander Non-Hispanic,2008,Diabetes ED visits
Somerset,,Asian/ Pacific Islander Non-Hispanic,2008,Diabetes ED visits
Talbot,,Asian/ Pacific Islander Non-Hispanic,2008,Diabetes ED visits
Washington,,Asian/ Pacific Islander Non-Hispanic,2008,Diabetes ED visits
Wicomico,,Asian/ Pacific Islander Non-Hispanic,2008,Diabetes ED visits
Worcester,,Asian/ Pacific Islander Non-Hispanic,2008,Diabetes ED visits
